Workbook

Sheet Storage
A1: Breadth = 3
A2: Depth | B2: 5 | C2: 6 | D2: 7 | E2: 8 | F2: 9 | G2: 10 | H2: 11 | I2: 12 | J2: 13 | K2: 14
A3: Node count | B3: 121 | C3: 364 | D3: 1093 | E3: 3280 | F3: 9841 | G3: 29524 | H3: 88573 | I3: 265720 | J3: 797161 | K3: 2391484
A4: Bytes
A5: XML | B5: 7616 | C5: 23136 | D5: 69764 | E5: 211525 | F5: 636696 | G5: 1932002 | H5: 5818271 | I5: 17643231 | J5: 53151921 | K5: 161069732
A6: JSON | B6: 5279 | C6: 16101 | D6: 48635 | E6: 148114 | F6: 446439 | G6: 1361207 | H6: 4105862 | I6: 12505980 | J6: 37740144 | K6: 114834377
A7: MessagePack | B7: 3146 | C7: 9808 | D7: 30220 | E7: 91456 | F7: 275164 | G7: 826286 | H7: 2525724 | I7: 7840126 | J7: 23783320 | K7: 71612904
A8: Kilobytes
A9: XML | B9: =B5/1000 -> 7.616 | C9: =C5/1000 -> 23.136 | D9: =D5/1000 -> 69.764 | E9: =E5/1000 -> 211.525 | F9: =F5/1000 -> 636.696 | G9: =G5/1000 -> 1932.002 | H9: =H5/1000 -> 5818.271 | I9: =I5/1000 -> 17643.231 | ... K9: =K5/1000 -> 161069.73
A10: JSON | B10: =B6/1000 -> 5.279 | C10: =C6/1000 -> 16.101 | D10: =D6/1000 -> 48.635 | E10: =E6/1000 -> 148.114 | F10: =F6/1000 -> 446.439 | G10: =G6/1000 -> 1361.207 | H10: =H6/1000 -> 4105.862 | I10: =I6/1000 -> 12505.98 | ... K10: =K6/1000 -> 114834.38
A11: MessagePack | B11: =B7/1000 -> 3.146 | C11: =C7/1000 -> 9.808 | D11: =D7/1000 -> 30.22 | E11: =E7/1000 -> 91.456 | F11: =F7/1000 -> 275.164 | G11: =G7/1000 -> 826.286 | H11: =H7/1000 -> 2525.724 | I11: =I7/1000 -> 7840.126 | ... K11: =K7/1000 -> 71612.904
A13: Bytes / node
A14: XML | B14: =B5/B$3 -> 62.942149 | C14: =C5/C$3 -> 63.56044 | D14: =D5/D$3 -> 63.827996 | E14: =E5/E$3 -> 64.489329 | F14: =F5/F$3 -> 64.698303 | G14: =G5/G$3 -> 65.438355 | H14: =H5/H$3 -> 65.688991 | I14: =I5/I$3 -> 66.397829 | ... K14: =K5/K$3 -> 67.351373
A15: JSON | B15: =B6/B$3 -> 43.628099 | C15: =C6/C$3 -> 44.233516 | D15: =D6/D$3 -> 44.496798 | E15: =E6/E$3 -> 45.156707 | F15: =F6/F$3 -> 45.365207 | G15: =G6/G$3 -> 46.105101 | H15: =H6/H$3 -> 46.355684 | I15: =I6/I$3 -> 47.064504 | ... K15: =K6/K$3 -> 48.018041
A16: MessagePack | B16: =B7/B$3 -> 26 | C16: =C7/C$3 -> 26.945055 | D16: =D7/D$3 -> 27.648673 | E16: =E7/E$3 -> 27.882927 | F16: =F7/F$3 -> 27.96098 | G16: =G7/G$3 -> 27.986926 | H16: =H7/H$3 -> 28.515733 | I16: =I7/I$3 -> 29.505216 | ... K16: =K7/K$3 -> 29.944965
A18: Percentage difference | L18: Average
A19: XML - JSON | B19: =(B5-B6)/B6 -> 0.44269748 | C19: =(C5-C6)/C6 -> 0.43692938 | D19: =(D5-D6)/D6 -> 0.43444022 | E19: =(E5-E6)/E6 -> 0.42812293 | F19: =(F5-F6)/F6 -> 0.42616572 | G19: =(G5-G6)/G6 -> 0.41933005 | H19: =(H5-H6)/H6 -> 0.41706443 | I19: =(I5-I6)/I6 -> 0.41078356 | ... K19: =(K5-K6)/K6 -> 0.40262643 | L19: =AVERAGE(B19:K19) -> 0.42265258
A20: JSON - MessagePack | B20: =(B6-B7)/B7 -> 0.67800381 | C20: =(C6-C7)/C7 -> 0.64161909 | D20: =(D6-D7)/D7 -> 0.60936466 | E20: =(E6-E7)/E7 -> 0.61951102 | F20: =(F6-F7)/F7 -> 0.62244698 | G20: =(G6-G7)/G7 -> 0.64737996 | H20: =(H6-H7)/H7 -> 0.62561784 | I20: =(I6-I7)/I7 -> 0.59512487 | ... K20: =(K6-K7)/K7 -> 0.60354308 | L20: =AVERAGE(B20:K20) -> 0.62294438
A21: XML - MessagePack | B21: =(B5-B7)/B7 -> 1.4208519 | C21: =(C5-C7)/C7 -> 1.3588907 | D21: =(D5-D7)/D7 -> 1.3085374 | E21: =(E5-E7)/E7 -> 1.3128608 | F21: =(F5-F7)/F7 -> 1.3138783 | G21: =(G5-G7)/G7 -> 1.3381759 | H21: =(H5-H7)/H7 -> 1.3036052 | I21: =(I5-I7)/I7 -> 1.250376 | ... K21: =(K5-K7)/K7 -> 1.2491719 | L21: =AVERAGE(B21:K21) -> 1.3091188

Sheet Performance
A1: Breadth = 3 | I1: Depth = 6
A2: Depth | B2: 9 | C2: 10 | D2: 11 | E2: 12 | F2: 13 | I2: Breadth | J2: 9 | K2: 10 | L2: 11 | M2: 12 | N2: 13
A3: Node count | B3: 9841 | C3: 29524 | D3: 88573 | E3: 265720 | F3: 797161 | I3: Node count | J3: 66430 | K3: 111111 | L3: 177156 | M3: 271453 | N3: 402234
A5: Serialization (ms) | I5: Serialization (ms)
A6: Mini-XML | B6: =MiniXML!B10 -> 10.5496 | C6: =MiniXML!C10 -> 32.8672 | D6: =MiniXML!D10 -> 107.9374 | E6: =MiniXML!E10 -> 335.1322 | F6: =MiniXML!F10 -> 979.5092 | I6: Mini-XML | J6: =MiniXML!J10 -> 79.6802 | K6: =MiniXML!K10 -> 134.554 | L6: =MiniXML!L10 -> 216.3736 | M6: =MiniXML!M10 -> 333.1368 | N6: =MiniXML!N10 -> 493.1532
A7: Jansson | B7: =Jansson!B10 -> 10.6114 | C7: =Jansson!C10 -> 33.476 | D7: =Jansson!D10 -> 113.5344 | E7: =Jansson!E10 -> 344.2702 | F7: =Jansson!F10 -> 936.643 | I7: Jansson | J7: =Jansson!J10 -> 69.9182 | K7: =Jansson!K10 -> 123.0136 | L7: =Jansson!L10 -> 196.202 | M7: =Jansson!M10 -> 302.4676 | N7: =Jansson!N10 -> 432.71
A8: Parson | B8: =Parson!B10 -> 20.0554 | C8: =Parson!C10 -> 65.038 | D8: =Parson!D10 -> 215.209 | E8: =Parson!E10 -> 630.0782 | F8: =Parson!F10 -> 1906.2834 | I8: Parson | J8: =Parson!J10 -> 148.308 | K8: =Parson!K10 -> 251.758 | L8: =Parson!L10 -> 402.9446 | M8: =Parson!M10 -> 612.2058 | N8: =Parson!N10 -> 907.3698
A9: cJSON | B9: =cJSON!B10 -> 6.861 | C9: =cJSON!C10 -> 18.95 | D9: =cJSON!D10 -> 64.9326 | E9: =cJSON!E10 -> 207.4808 | F9: =cJSON!F10 -> 622.3604 | I9: cJSON | J9: =cJSON!J10 -> 43.2134 | K9: =cJSON!K10 -> 78.3026 | L9: =cJSON!L10 -> 132.1094 | M9: =cJSON!M10 -> 207.2556 | N9: =cJSON!N10 -> 304.5408
A10: msgpack-c | B10: =msgpackc!B10 -> 1.831 | C10: =msgpackc!C10 -> 3.6452 | D10: =msgpackc!D10 -> 9.6486 | E10: =msgpackc!E10 -> 29.0436 | F10: =msgpackc!F10 -> 90.8258 | I10: msgpack-c | J10: =msgpackc!J10 -> 7.1692 | K10: =msgpackc!K10 -> 11.7246 | L10: =msgpackc!L10 -> 18.3382 | M10: =msgpackc!M10 -> 28.3488 | N10: =msgpackc!N10 -> 45.0526
A12: Deserialization (ms) | I12: Deserialization (ms)
A13: Mini-XML | B13: =MiniXML!B17 -> 15.667 | C13: =MiniXML!C17 -> 56.0152 | D13: =MiniXML!D17 -> 167.3628 | E13: =MiniXML!E17 -> 479.5652 | F13: =MiniXML!F17 -> 1442.6098 | I13: Mini-XML | J13: =MiniXML!J17 -> 122.0214 | K13: =MiniXML!K17 -> 205.3008 | L13: =MiniXML!L17 -> 322.6904 | M13: =MiniXML!M17 -> 478.298 | N13: =MiniXML!N17 -> 706.5126
A14: Jansson | B14: =Jansson!B17 -> 11.186 | C14: =Jansson!C17 -> 41.1158 | D14: =Jansson!D17 -> 123.3204 | E14: =Jansson!E17 -> 355.221 | F14: =Jansson!F17 -> 1069.1364 | I14: Jansson | J14: =Jansson!J17 -> 91.4664 | K14: =Jansson!K17 -> 152.835 | L14: =Jansson!L17 -> 238.553 | M14: =Jansson!M17 -> 355.8786 | N14: =Jansson!N17 -> 523.2538
A15: Parson | B15: =Parson!B17 -> 11.392 | C15: =Parson!C17 -> 43.2986 | D15: =Parson!D17 -> 128.6274 | E15: =Parson!E17 -> 369.3912 | F15: =Parson!F17 -> 1133.4538 | I15: Parson | J15: =Parson!J17 -> 94.4458 | K15: =Parson!K17 -> 152.8744 | L15: =Parson!L17 -> 239.6944 | M15: =Parson!M17 -> 365.3556 | N15: =Parson!N17 -> 541.458
A16: cJSON | B16: =cJSON!B17 -> 6.991 | C16: =cJSON!C17 -> 22.8586 | D16: =cJSON!D17 -> 80.4868 | E16: =cJSON!E17 -> 230.8874 | F16: =cJSON!F17 -> 684.0532 | I16: cJSON | J16: =cJSON!J17 -> 58.966 | K16: =cJSON!K17 -> 98.871 | L16: =cJSON!L17 -> 155.9202 | M16: =cJSON!M17 -> 233.8942 | N16: =cJSON!N17 -> 336.8618
A17: msgpack-c | B17: =msgpackc!B17 -> 2.411 | C17: =msgpackc!C17 -> 7.1466 | D17: =msgpackc!D17 -> 24.297 | E17: =msgpackc!E17 -> 89.8198 | F17: =msgpackc!F17 -> 265.3954 | I17: msgpack-c | J17: =msgpackc!J17 -> 15.4216 | K17: =msgpackc!K17 -> 31.9698 | L17: =msgpackc!L17 -> 56.3258 | M17: =msgpackc!M17 -> 89.689 | N17: =msgpackc!N17 -> 131.4652
A19: Serialization (microsecs / node) | I19: Serialization (microsecs / node)
A20: Mini-XML | B20: =B6*1000/B$3 -> 1.0720049 | C20: =C6*1000/C$3 -> 1.1132367 | D20: =D6*1000/D$3 -> 1.2186264 | E20: =E6*1000/E$3 -> 1.2612231 | F20: =F6*1000/F$3 -> 1.228747 | I20: Mini-XML | J20: =J6*1000/J$3 -> 1.1994611 | K20: =K6*1000/K$3 -> 1.2109872 | L20: =L6*1000/L$3 -> 1.2213733 | M20: =M6*1000/M$3 -> 1.2272357 | N20: =N6*1000/N$3 -> 1.2260356
A21: Jansson | B21: =B7*1000/B$3 -> 1.0782847 | C21: =C7*1000/C$3 -> 1.1338572 | D21: =D7*1000/D$3 -> 1.2818173 | E21: =E7*1000/E$3 -> 1.2956127 | F21: =F7*1000/F$3 -> 1.1749734 | I21: Jansson | J21: =J7*1000/J$3 -> 1.0525094 | K21: =K7*1000/K$3 -> 1.1071235 | L21: =L7*1000/L$3 -> 1.1075098 | M21: =M7*1000/M$3 -> 1.114254 | N21: =N7*1000/N$3 -> 1.0757668
A22: Parson | B22: =B8*1000/B$3 -> 2.0379433 | C22: =C8*1000/C$3 -> 2.2028858 | D22: =D8*1000/D$3 -> 2.4297359 | E22: =E8*1000/E$3 -> 2.371211 | F22: =F8*1000/F$3 -> 2.3913405 | I22: Parson | J22: =J8*1000/J$3 -> 2.2325455 | K22: =K8*1000/K$3 -> 2.2658243 | L22: =L8*1000/L$3 -> 2.2745185 | M22: =M8*1000/M$3 -> 2.2552921 | N22: =N8*1000/N$3 -> 2.2558257
A23: cJSON | B23: =B9*1000/B$3 -> 0.69718525 | C23: =C9*1000/C$3 -> 0.6418507 | D23: =D9*1000/D$3 -> 0.73309699 | E23: =E9*1000/E$3 -> 0.78082493 | F23: =F9*1000/F$3 -> 0.78072108 | I23: cJSON | J23: =J9*1000/J$3 -> 0.65051031 | K23: =K9*1000/K$3 -> 0.7047241 | L23: =L9*1000/L$3 -> 0.74572354 | M23: =M9*1000/M$3 -> 0.76350455 | N23: =N9*1000/N$3 -> 0.75712347
A24: msgpack-c | B24: =B10*1000/B$3 -> 0.18605833 | C24: =C10*1000/C$3 -> 0.12346566 | D24: =D10*1000/D$3 -> 0.10893387 | E24: =E10*1000/E$3 -> 0.10930152 | F24: =F10*1000/F$3 -> 0.11393658 | I24: msgpack-c | J24: =J10*1000/J$3 -> 0.10792112 | K24: =K10*1000/K$3 -> 0.10552151 | L24: =L10*1000/L$3 -> 0.10351442 | M24: =M10*1000/M$3 -> 0.10443355 | N24: =N10*1000/N$3 -> 0.11200595
A26: Deserialization (microsecs / node) | I26: Deserialization (microsecs / node)
A27: Mini-XML | B27: =B13*1000/B$3 -> 1.592013 | C27: =C13*1000/C$3 -> 1.8972768 | D27: =D13*1000/D$3 -> 1.8895465 | E27: =E13*1000/E$3 -> 1.8047765 | F27: =F13*1000/F$3 -> 1.8096844 | I27: Mini-XML | J27: =J13*1000/J$3 -> 1.8368418 | K27: =K13*1000/K$3 -> 1.847709 | L27: =L13*1000/L$3 -> 1.8215042 | M27: =M13*1000/M$3 -> 1.7619919 | N27: =N13*1000/N$3 -> 1.7564716
A28: Jansson | B28: =B14*1000/B$3 -> 1.1366731 | C28: =C14*1000/C$3 -> 1.392623 | D28: =D14*1000/D$3 -> 1.3923024 | E28: =E14*1000/E$3 -> 1.3368245 | F28: =F14*1000/F$3 -> 1.34118 | I28: Jansson | J28: =J14*1000/J$3 -> 1.3768839 | K28: =K14*1000/K$3 -> 1.3755164 | L28: =L14*1000/L$3 -> 1.3465703 | M28: =M14*1000/M$3 -> 1.3110137 | N28: =N14*1000/N$3 -> 1.3008691
A29: Parson | B29: =B15*1000/B$3 -> 1.1576059 | C29: =C15*1000/C$3 -> 1.466556 | D29: =D15*1000/D$3 -> 1.4522191 | E29: =E15*1000/E$3 -> 1.390152 | F29: =F15*1000/F$3 -> 1.4218631 | I29: Parson | J29: =J15*1000/J$3 -> 1.4217342 | K29: =K15*1000/K$3 -> 1.375871 | L29: =L15*1000/L$3 -> 1.3530132 | M29: =M15*1000/M$3 -> 1.3459258 | N29: =N15*1000/N$3 -> 1.3461269
A30: cJSON | B30: =B16*1000/B$3 -> 0.71039529 | C30: =C16*1000/C$3 -> 0.77423791 | D30: =D16*1000/D$3 -> 0.90870581 | E30: =E16*1000/E$3 -> 0.86891239 | F30: =F16*1000/F$3 -> 0.85811172 | I30: cJSON | J30: =J16*1000/J$3 -> 0.88764113 | K30: =K16*1000/K$3 -> 0.88983989 | L30: =L16*1000/L$3 -> 0.88012938 | M30: =M16*1000/M$3 -> 0.86163793 | N30: =N16*1000/N$3 -> 0.83747719
A31: msgpack-c | B31: =B17*1000/B$3 -> 0.24499543 | C31: =C17*1000/C$3 -> 0.2420607 | D31: =D17*1000/D$3 -> 0.2743161 | E31: =E17*1000/E$3 -> 0.33802424 | F31: =F17*1000/F$3 -> 0.33292572 | I31: msgpack-c | J31: =J17*1000/J$3 -> 0.23214813 | K31: =K17*1000/K$3 -> 0.28772849 | L31: =L17*1000/L$3 -> 0.31794464 | M31: =M17*1000/M$3 -> 0.33040342 | N31: =N17*1000/N$3 -> 0.32683761

Sheet MiniXML
A1: =Performance!A1 -> Breadth = 3 | I1: =Performance!I1 -> Depth = 6
A2: =Performance!A2 -> Depth | B2: =Performance!B2 -> 9 | C2: =Performance!C2 -> 10 | D2: =Performance!D2 -> 11 | E2: =Performance!E2 -> 12 | F2: =Performance!F2 -> 13 | I2: =Performance!I2 -> Breadth | J2: =Performance!J2 -> 9 | K2: =Performance!K2 -> 10 | L2: =Performance!L2 -> 11 | M2: =Performance!M2 -> 12 | N2: =Performance!N2 -> 13
A3: =Performance!A3 -> Node count | B3: =Performance!B3 -> 9841 | C3: =Performance!C3 -> 29524 | D3: =Performance!D3 -> 88573 | E3: =Performance!E3 -> 265720 | F3: =Performance!F3 -> 797161 | I3: =Performance!I3 -> Node count | J3: =Performance!J3 -> 66430 | K3: =Performance!K3 -> 111111 | L3: =Performance!L3 -> 177156 | M3: =Performance!M3 -> 271453 | N3: =Performance!N3 -> 402234
A4: Serialization | I4: Serialization
A5: Run 1 | B5: 10.319 | C5: 32.729 | D5: 107.592 | E5: 354.753 | F5: 990.94 | I5: Run 1 | J5: 82.64 | K5: 137.018 | L5: 216.131 | M5: 339.48 | N5: 501.314
A6: Run 2 | B6: 10.505 | C6: 34.221 | D6: 109.241 | E6: 333.822 | F6: 995.045 | I6: Run 2 | J6: 77.777 | K6: 132.789 | L6: 217.381 | M6: 334.417 | N6: 501.092
A7: Run 3 | B7: 10.861 | C7: 32.509 | D7: 108.556 | E7: 329.847 | F7: 967.922 | I7: Run 3 | J7: 77.882 | K7: 134.354 | L7: 216.409 | M7: 320.313 | N7: 483.353
A8: Run 4 | B8: 10.709 | C8: 32.499 | D8: 106.767 | E8: 331.579 | F8: 975.861 | I8: Run 4 | J8: 80.805 | K8: 134.035 | L8: 218.033 | M8: 338.85 | N8: 498.546
A9: Run 5 | B9: 10.354 | C9: 32.378 | D9: 107.531 | E9: 325.66 | F9: 967.778 | I9: Run 5 | J9: 79.297 | K9: 134.574 | L9: 213.914 | M9: 332.624 | N9: 481.461
A10: Average | B10: =AVERAGE(B5:B9) -> 10.5496 | C10: =AVERAGE(C5:C9) -> 32.8672 | D10: =AVERAGE(D5:D9) -> 107.9374 | E10: =AVERAGE(E5:E9) -> 335.1322 | F10: =AVERAGE(F5:F9) -> 979.5092 | I10: Average | J10: =AVERAGE(J5:J9) -> 79.6802 | K10: =AVERAGE(K5:K9) -> 134.554 | L10: =AVERAGE(L5:L9) -> 216.3736 | M10: =AVERAGE(M5:M9) -> 333.1368 | N10: =AVERAGE(N5:N9) -> 493.1532
A11: Deserialization | I11: Deserialization
A12: Run 1 | B12: 15.554 | C12: 56.467 | D12: 168.799 | E12: 482.509 | F12: 1448.437 | I12: Run 1 | J12: 117.696 | K12: 209.487 | L12: 328.47 | M12: 478.559 | N12: 713.041
A13: Run 2 | B13: 15.593 | C13: 55.799 | D13: 171.054 | E13: 481.921 | F13: 1450.098 | I13: Run 2 | J13: 122.851 | K13: 206.265 | L13: 322.963 | M13: 477.618 | N13: 708.66
A14: Run 3 | B14: 15.87 | C14: 55.313 | D14: 165.52 | E14: 480.437 | F14: 1431.436 | I14: Run 3 | J14: 123.159 | K14: 204.114 | L14: 317.328 | M14: 476.052 | N14: 704.831
A15: Run 4 | B15: 15.78 | C15: 56.629 | D15: 169.135 | E15: 476.175 | F15: 1445.982 | I15: Run 4 | J15: 122.277 | K15: 203.217 | L15: 326.085 | M15: 483.099 | N15: 701.712
A16: Run 5 | B16: 15.538 | C16: 55.868 | D16: 162.306 | E16: 476.784 | F16: 1437.096 | I16: Run 5 | J16: 124.124 | K16: 203.421 | L16: 318.606 | M16: 476.162 | N16: 704.319
A17: Average | B17: =AVERAGE(B12:B16) -> 15.667 | C17: =AVERAGE(C12:C16) -> 56.0152 | D17: =AVERAGE(D12:D16) -> 167.3628 | E17: =AVERAGE(E12:E16) -> 479.5652 | F17: =AVERAGE(F12:F16) -> 1442.6098 | I17: Average | J17: =AVERAGE(J12:J16) -> 122.0214 | K17: =AVERAGE(K12:K16) -> 205.3008 | L17: =AVERAGE(L12:L16) -> 322.6904 | M17: =AVERAGE(M12:M16) -> 478.298 | N17: =AVERAGE(N12:N16) -> 706.5126

Sheet Jansson
A1: =Performance!A1 -> Breadth = 3 | I1: =Performance!I1 -> Depth = 6
A2: =Performance!A2 -> Depth | B2: =Performance!B2 -> 9 | C2: =Performance!C2 -> 10 | D2: =Performance!D2 -> 11 | E2: =Performance!E2 -> 12 | F2: =Performance!F2 -> 13 | I2: =Performance!I2 -> Breadth | J2: =Performance!J2 -> 9 | K2: =Performance!K2 -> 10 | L2: =Performance!L2 -> 11 | M2: =Performance!M2 -> 12 | N2: =Performance!N2 -> 13
A3: =Performance!A3 -> Node count | B3: =Performance!B3 -> 9841 | C3: =Performance!C3 -> 29524 | D3: =Performance!D3 -> 88573 | E3: =Performance!E3 -> 265720 | F3: =Performance!F3 -> 797161 | I3: =Performance!I3 -> Node count | J3: =Performance!J3 -> 66430 | K3: =Performance!K3 -> 111111 | L3: =Performance!L3 -> 177156 | M3: =Performance!M3 -> 271453 | N3: =Performance!N3 -> 402234
A4: Serialization | I4: Serialization
A5: Run 1 | B5: 11.272 | C5: 32.601 | D5: 113.724 | E5: 350.838 | F5: 941.838 | I5: Run 1 | J5: 70.819 | K5: 123.431 | L5: 193.565 | M5: 309.594 | N5: 462.195
A6: Run 2 | B6: 10.092 | C6: 35.347 | D6: 115.887 | E6: 355.049 | F6: 941.153 | I6: Run 2 | J6: 68.786 | K6: 123.415 | L6: 192.103 | M6: 295.153 | N6: 427.273
A7: Run 3 | B7: 10.071 | C7: 35.356 | D7: 115.519 | E7: 344.767 | F7: 919.435 | I7: Run 3 | J7: 69.258 | K7: 123.489 | L7: 198.375 | M7: 304.132 | N7: 429.692
A8: Run 4 | B8: 10.704 | C8: 32.596 | D8: 112.198 | E8: 334.257 | F8: 952.297 | I8: Run 4 | J8: 70.25 | K8: 123.346 | L8: 198.258 | M8: 301.718 | N8: 420.589
A9: Run 5 | B9: 10.918 | C9: 31.48 | D9: 110.344 | E9: 336.44 | F9: 928.492 | I9: Run 5 | J9: 70.478 | K9: 121.387 | L9: 198.709 | M9: 301.741 | N9: 423.801
A10: Average | B10: =AVERAGE(B5:B9) -> 10.6114 | C10: =AVERAGE(C5:C9) -> 33.476 | D10: =AVERAGE(D5:D9) -> 113.5344 | E10: =AVERAGE(E5:E9) -> 344.2702 | F10: =AVERAGE(F5:F9) -> 936.643 | I10: Average | J10: =AVERAGE(J5:J9) -> 69.9182 | K10: =AVERAGE(K5:K9) -> 123.0136 | L10: =AVERAGE(L5:L9) -> 196.202 | M10: =AVERAGE(M5:M9) -> 302.4676 | N10: =AVERAGE(N5:N9) -> 432.71
A11: Deserialization | I11: Deserialization
A12: Run 1 | B12: 11.135 | C12: 41.388 | D12: 123.712 | E12: 352.569 | F12: 1056.471 | I12: Run 1 | J12: 90.942 | K12: 152.317 | L12: 244.867 | M12: 360.644 | N12: 524.146
A13: Run 2 | B13: 11.265 | C13: 41.013 | D13: 123.524 | E13: 360.821 | F13: 1072.976 | I13: Run 2 | J13: 93.407 | K13: 151.706 | L13: 240.875 | M13: 356.793 | N13: 524.178
A14: Run 3 | B14: 11.231 | C14: 41.063 | D14: 123.545 | E14: 352.681 | F14: 1066.764 | I14: Run 3 | J14: 90.976 | K14: 155.89 | L14: 232.843 | M14: 353.759 | N14: 527.254
A15: Run 4 | B15: 11.069 | C15: 41.118 | D15: 123.387 | E15: 356.652 | F15: 1086.125 | I15: Run 4 | J15: 90.89 | K15: 153.628 | L15: 237.282 | M15: 352.4 | N15: 519.907
A16: Run 5 | B16: 11.23 | C16: 40.997 | D16: 122.434 | E16: 353.382 | F16: 1063.346 | I16: Run 5 | J16: 91.117 | K16: 150.634 | L16: 236.898 | M16: 355.797 | N16: 520.784
A17: Average | B17: =AVERAGE(B12:B16) -> 11.186 | C17: =AVERAGE(C12:C16) -> 41.1158 | D17: =AVERAGE(D12:D16) -> 123.3204 | E17: =AVERAGE(E12:E16) -> 355.221 | F17: =AVERAGE(F12:F16) -> 1069.1364 | I17: Average | J17: =AVERAGE(J12:J16) -> 91.4664 | K17: =AVERAGE(K12:K16) -> 152.835 | L17: =AVERAGE(L12:L16) -> 238.553 | M17: =AVERAGE(M12:M16) -> 355.8786 | N17: =AVERAGE(N12:N16) -> 523.2538

Sheet Parson
A1: =Performance!A1 -> Breadth = 3 | I1: =Performance!I1 -> Depth = 6
A2: =Performance!A2 -> Depth | B2: =Performance!B2 -> 9 | C2: =Performance!C2 -> 10 | D2: =Performance!D2 -> 11 | E2: =Performance!E2 -> 12 | F2: =Performance!F2 -> 13 | I2: =Performance!I2 -> Breadth | J2: =Performance!J2 -> 9 | K2: =Performance!K2 -> 10 | L2: =Performance!L2 -> 11 | M2: =Performance!M2 -> 12 | N2: =Performance!N2 -> 13
A3: =Performance!A3 -> Node count | B3: =Performance!B3 -> 9841 | C3: =Performance!C3 -> 29524 | D3: =Performance!D3 -> 88573 | E3: =Performance!E3 -> 265720 | F3: =Performance!F3 -> 797161 | I3: =Performance!I3 -> Node count | J3: =Performance!J3 -> 66430 | K3: =Performance!K3 -> 111111 | L3: =Performance!L3 -> 177156 | M3: =Performance!M3 -> 271453 | N3: =Performance!N3 -> 402234
A4: Serialization | I4: Serialization
A5: Run 1 | B5: 20.215 | C5: 65.014 | D5: 224.682 | E5: 635.792 | F5: 1881.274 | I5: Run 1 | J5: 147.555 | K5: 253.462 | L5: 406.388 | M5: 611.103 | N5: 901.67
A6: Run 2 | B6: 19.934 | C6: 64.497 | D6: 210.775 | E6: 634.385 | F6: 1885.682 | I6: Run 2 | J6: 148.633 | K6: 254.567 | L6: 400.924 | M6: 609.911 | N6: 912.545
A7: Run 3 | B7: 20.077 | C7: 65.139 | D7: 211.36 | E7: 625.068 | F7: 1936.822 | I7: Run 3 | J7: 149.236 | K7: 249.979 | L7: 402.187 | M7: 630.964 | N7: 915.945
A8: Run 4 | B8: 20.128 | C8: 65.228 | D8: 209.875 | E8: 628.456 | F8: 1916.012 | I8: Run 4 | J8: 149.115 | K8: 251.979 | L8: 402.924 | M8: 600.104 | N8: 898.932
A9: Run 5 | B9: 19.923 | C9: 65.312 | D9: 219.353 | E9: 626.69 | F9: 1911.627 | I9: Run 5 | J9: 147.001 | K9: 248.803 | L9: 402.3 | M9: 608.947 | N9: 907.757
A10: Average | B10: =AVERAGE(B5:B9) -> 20.0554 | C10: =AVERAGE(C5:C9) -> 65.038 | D10: =AVERAGE(D5:D9) -> 215.209 | E10: =AVERAGE(E5:E9) -> 630.0782 | F10: =AVERAGE(F5:F9) -> 1906.2834 | I10: Average | J10: =AVERAGE(J5:J9) -> 148.308 | K10: =AVERAGE(K5:K9) -> 251.758 | L10: =AVERAGE(L5:L9) -> 402.9446 | M10: =AVERAGE(M5:M9) -> 612.2058 | N10: =AVERAGE(N5:N9) -> 907.3698
A11: Deserialization | I11: Deserialization
A12: Run 1 | B12: 11.273 | C12: 43.644 | D12: 132.012 | E12: 366.814 | F12: 1124.143 | I12: Run 1 | J12: 94.534 | K12: 158.302 | L12: 239.554 | M12: 363.231 | N12: 538.911
A13: Run 2 | B13: 11.297 | C13: 42.981 | D13: 124.786 | E13: 370.294 | F13: 1124.467 | I13: Run 2 | J13: 93.453 | K13: 149.916 | L13: 240.544 | M13: 363.517 | N13: 536.483
A14: Run 3 | B14: 11.467 | C14: 42.678 | D14: 125.232 | E14: 367.303 | F14: 1134.974 | I14: Run 3 | J14: 95.014 | K14: 150.681 | L14: 239.903 | M14: 365.845 | N14: 549.841
A15: Run 4 | B15: 11.32 | C15: 44.082 | D15: 130.957 | E15: 375.021 | F15: 1150.321 | I15: Run 4 | J15: 95.163 | K15: 151.977 | L15: 237.985 | M15: 367.386 | N15: 542.237
A16: Run 5 | B16: 11.603 | C16: 43.108 | D16: 130.15 | E16: 367.524 | F16: 1133.364 | I16: Run 5 | J16: 94.065 | K16: 153.496 | L16: 240.486 | M16: 366.799 | N16: 539.818
A17: Average | B17: =AVERAGE(B12:B16) -> 11.392 | C17: =AVERAGE(C12:C16) -> 43.2986 | D17: =AVERAGE(D12:D16) -> 128.6274 | E17: =AVERAGE(E12:E16) -> 369.3912 | F17: =AVERAGE(F12:F16) -> 1133.4538 | I17: Average | J17: =AVERAGE(J12:J16) -> 94.4458 | K17: =AVERAGE(K12:K16) -> 152.8744 | L17: =AVERAGE(L12:L16) -> 239.6944 | M17: =AVERAGE(M12:M16) -> 365.3556 | N17: =AVERAGE(N12:N16) -> 541.458

Sheet cJSON
A1: =Performance!A1 -> Breadth = 3 | I1: =Performance!I1 -> Depth = 6
A2: =Performance!A2 -> Depth | B2: =Performance!B2 -> 9 | C2: =Performance!C2 -> 10 | D2: =Performance!D2 -> 11 | E2: =Performance!E2 -> 12 | F2: =Performance!F2 -> 13 | I2: =Performance!I2 -> Breadth | J2: =Performance!J2 -> 9 | K2: =Performance!K2 -> 10 | L2: =Performance!L2 -> 11 | M2: =Performance!M2 -> 12 | N2: =Performance!N2 -> 13
A3: =Performance!A3 -> Node count | B3: =Performance!B3 -> 9841 | C3: =Performance!C3 -> 29524 | D3: =Performance!D3 -> 88573 | E3: =Performance!E3 -> 265720 | F3: =Performance!F3 -> 797161 | I3: =Performance!I3 -> Node count | J3: =Performance!J3 -> 66430 | K3: =Performance!K3 -> 111111 | L3: =Performance!L3 -> 177156 | M3: =Performance!M3 -> 271453 | N3: =Performance!N3 -> 402234
A4: Serialization | I4: Serialization
A5: Run 1 | B5: 7.314 | C5: 19.098 | D5: 69.875 | E5: 209.323 | F5: 624.448 | I5: Run 1 | J5: 43.227 | K5: 75.559 | L5: 132.316 | M5: 208.964 | N5: 284.625
A6: Run 2 | B6: 6.836 | C6: 18.832 | D6: 63.684 | E6: 208.156 | F6: 618.112 | I6: Run 2 | J6: 43.346 | K6: 79.394 | L6: 136.571 | M6: 206.413 | N6: 311.067
A7: Run 3 | B7: 6.731 | C7: 18.902 | D7: 63.009 | E7: 204.913 | F7: 619.687 | I7: Run 3 | J7: 43.215 | K7: 78.85 | L7: 128.698 | M7: 206.703 | N7: 310.528
A8: Run 4 | B8: 6.748 | C8: 19.057 | D8: 63.488 | E8: 207.274 | F8: 626.713 | I8: Run 4 | J8: 43.306 | K8: 79.28 | L8: 130.825 | M8: 209.362 | N8: 308.756
A9: Run 5 | B9: 6.676 | C9: 18.861 | D9: 64.607 | E9: 207.738 | F9: 622.842 | I9: Run 5 | J9: 42.973 | K9: 78.43 | L9: 132.137 | M9: 204.836 | N9: 307.728
A10: Average | B10: =AVERAGE(B5:B9) -> 6.861 | C10: =AVERAGE(C5:C9) -> 18.95 | D10: =AVERAGE(D5:D9) -> 64.9326 | E10: =AVERAGE(E5:E9) -> 207.4808 | F10: =AVERAGE(F5:F9) -> 622.3604 | I10: Average | J10: =AVERAGE(J5:J9) -> 43.2134 | K10: =AVERAGE(K5:K9) -> 78.3026 | L10: =AVERAGE(L5:L9) -> 132.1094 | M10: =AVERAGE(M5:M9) -> 207.2556 | N10: =AVERAGE(N5:N9) -> 304.5408
A11: Deserialization | I11: Deserialization
A12: Run 1 | B12: 6.939 | C12: 23.319 | D12: 83.18 | E12: 233.828 | F12: 679.218 | I12: Run 1 | J12: 57.872 | K12: 99.44 | L12: 156.715 | M12: 240.826 | N12: 319.468
A13: Run 2 | B13: 7.028 | C13: 23.651 | D13: 79.061 | E13: 233.164 | F13: 679.911 | I13: Run 2 | J13: 59.222 | K13: 98.466 | L13: 159.435 | M13: 230.281 | N13: 343.131
A14: Run 3 | B14: 7.038 | C14: 21.362 | D14: 80.47 | E14: 226.733 | F14: 682.643 | I14: Run 3 | J14: 59.166 | K14: 98.214 | L14: 152.913 | M14: 229.357 | N14: 341.324
A15: Run 4 | B15: 6.994 | C15: 22.268 | D15: 80.179 | E15: 228.972 | F15: 682.447 | I15: Run 4 | J15: 58.965 | K15: 99.494 | L15: 154.942 | M15: 234.383 | N15: 339.216
A16: Run 5 | B16: 6.956 | C16: 23.693 | D16: 79.544 | E16: 231.74 | F16: 696.047 | I16: Run 5 | J16: 59.605 | K16: 98.741 | L16: 155.596 | M16: 234.624 | N16: 341.17
A17: Average | B17: =AVERAGE(B12:B16) -> 6.991 | C17: =AVERAGE(C12:C16) -> 22.8586 | D17: =AVERAGE(D12:D16) -> 80.4868 | E17: =AVERAGE(E12:E16) -> 230.8874 | F17: =AVERAGE(F12:F16) -> 684.0532 | I17: Average | J17: =AVERAGE(J12:J16) -> 58.966 | K17: =AVERAGE(K12:K16) -> 98.871 | L17: =AVERAGE(L12:L16) -> 155.9202 | M17: =AVERAGE(M12:M16) -> 233.8942 | N17: =AVERAGE(N12:N16) -> 336.8618

Sheet msgpackc
A1: =Performance!A1 -> Breadth = 3 | I1: =Performance!I1 -> Depth = 6
A2: =Performance!A2 -> Depth | B2: =Performance!B2 -> 9 | C2: =Performance!C2 -> 10 | D2: =Performance!D2 -> 11 | E2: =Performance!E2 -> 12 | F2: =Performance!F2 -> 13 | I2: =Performance!I2 -> Breadth | J2: =Performance!J2 -> 9 | K2: =Performance!K2 -> 10 | L2: =Performance!L2 -> 11 | M2: =Performance!M2 -> 12 | N2: =Performance!N2 -> 13
A3: =Performance!A3 -> Node count | B3: =Performance!B3 -> 9841 | C3: =Performance!C3 -> 29524 | D3: =Performance!D3 -> 88573 | E3: =Performance!E3 -> 265720 | F3: =Performance!F3 -> 797161 | I3: =Performance!I3 -> Node count | J3: =Performance!J3 -> 66430 | K3: =Performance!K3 -> 111111 | L3: =Performance!L3 -> 177156 | M3: =Performance!M3 -> 271453 | N3: =Performance!N3 -> 402234
A4: Serialization | I4: Serialization
A5: Run 1 | B5: 2.177 | C5: 3.608 | D5: 9.503 | E5: 29.843 | F5: 94.502 | I5: Run 1 | J5: 7.186 | K5: 11.513 | L5: 18.084 | M5: 28.485 | N5: 46.241
A6: Run 2 | B6: 1.554 | C6: 3.711 | D6: 9.609 | E6: 30.716 | F6: 89.291 | I6: Run 2 | J6: 6.938 | K6: 11.661 | L6: 18.904 | M6: 28.675 | N6: 45.612
A7: Run 3 | B7: 1.846 | C7: 3.657 | D7: 9.623 | E7: 28.783 | F7: 90.026 | I7: Run 3 | J7: 7.239 | K7: 11.847 | L7: 18.347 | M7: 27.935 | N7: 44.82
A8: Run 4 | B8: 1.803 | C8: 3.798 | D8: 9.642 | E8: 27.685 | F8: 91.17 | I8: Run 4 | J8: 7.231 | K8: 11.787 | L8: 18.321 | M8: 28.742 | N8: 45.167
A9: Run 5 | B9: 1.775 | C9: 3.452 | D9: 9.866 | E9: 28.191 | F9: 89.14 | I9: Run 5 | J9: 7.252 | K9: 11.815 | L9: 18.035 | M9: 27.907 | N9: 43.423
A10: Average | B10: =AVERAGE(B5:B9) -> 1.831 | C10: =AVERAGE(C5:C9) -> 3.6452 | D10: =AVERAGE(D5:D9) -> 9.6486 | E10: =AVERAGE(E5:E9) -> 29.0436 | F10: =AVERAGE(F5:F9) -> 90.8258 | I10: Average | J10: =AVERAGE(J5:J9) -> 7.1692 | K10: =AVERAGE(K5:K9) -> 11.7246 | L10: =AVERAGE(L5:L9) -> 18.3382 | M10: =AVERAGE(M5:M9) -> 28.3488 | N10: =AVERAGE(N5:N9) -> 45.0526
A11: Deserialization | I11: Deserialization
A12: Run 1 | B12: 2.397 | C12: 7.15 | D12: 23.582 | E12: 88.834 | F12: 266.49 | I12: Run 1 | J12: 15.232 | K12: 30.988 | L12: 56.992 | M12: 89.899 | N12: 130.808
A13: Run 2 | B13: 2.465 | C13: 7.146 | D13: 23.526 | E13: 91.815 | F13: 266.838 | I13: Run 2 | J13: 15.308 | K13: 31.589 | L13: 55.859 | M13: 90.414 | N13: 131.467
A14: Run 3 | B14: 2.382 | C14: 7.149 | D14: 24.54 | E14: 90.044 | F14: 266.379 | I14: Run 3 | J14: 15.344 | K14: 33.768 | L14: 56.176 | M14: 89.471 | N14: 132.258
A15: Run 4 | B15: 2.392 | C15: 7.094 | D15: 24.248 | E15: 89.688 | F15: 264.623 | I15: Run 4 | J15: 15.772 | K15: 32.258 | L15: 56.59 | M15: 89.741 | N15: 133.689
A16: Run 5 | B16: 2.419 | C16: 7.194 | D16: 25.589 | E16: 88.718 | F16: 262.647 | I16: Run 5 | J16: 15.452 | K16: 31.246 | L16: 56.012 | M16: 88.92 | N16: 129.104
A17: Average | B17: =AVERAGE(B12:B16) -> 2.411 | C17: =AVERAGE(C12:C16) -> 7.1466 | D17: =AVERAGE(D12:D16) -> 24.297 | E17: =AVERAGE(E12:E16) -> 89.8198 | F17: =AVERAGE(F12:F16) -> 265.3954 | I17: Average | J17: =AVERAGE(J12:J16) -> 15.4216 | K17: =AVERAGE(K12:K16) -> 31.9698 | L17: =AVERAGE(L12:L16) -> 56.3258 | M17: =AVERAGE(M12:M16) -> 89.689 | N17: =AVERAGE(N12:N16) -> 131.4652
